Question,Answer
แพ้อาหารเป็นไงหรอ,1
จะรู้ได้ยังไงว่าตัวเองแพ้อาหาร,1
อาการดูได้จากอะไรบ้าง,1
อาการแพ้อาหารคืออะไร,1
ถ้ารู้สึกว่าตัวเองแพ้อาหาร จะมีอาการอะไรตามมาบ้าง,1
อาการที่เกิดขึ้นมีอะไรบ้าง,1
บอกอาการ,1
อาการเเพ้,1
อยากรู้อาการเเพ้อาหาร,1
เป็นผื่น ไม่เเน่ใจว่าเเพ้อาหารหรือเปล่า,1
อาการแพ้เป็นยังไง,1
อาการเป็นไง,1
เเพ้อาหารอาการหนักไหม,1
อาการรุนแรงไหม,1
ปฏิกิริยาเวลาเเพ้เป็นยังไง,1
แพ้แล้วจะตายไหม,1
นานไหมกว่าจะออกอาการเเพ้,1
อาการแพ้จะเกิดตอนไหน,1
อาการแพ้มีกี่ระดับ,1
แสดงอาการอะไรบ้าง,1
แพ้อาหารออกอาการไหม,1
แพ้อาหารอันตรายไหม,1
อาการเเพ้อาหาร,1
ขอความรู้อาการเเพ้,1
อาการเเพ้เป็นจังได๋,1
อยากได้อาการเเพ้,1
ให้อาการเเพ้มา,1
ช่วยบอกอาการเเพ้โดยรวมหน่อย,1
อธิบายอาการเเพ้มา,1
ต้องการอาการเเพ้,1
เอาอาการเเพ้มา,1
ขออาการเเพ้หน่อย,1
ฉันอยากได้ความรู้เรื่องอาการเเพ้,1
ขอความรู้เพิ่มเติมเรื่องอาการเเพ้,1
ช่วยบอกอาการเเพ้,1
รู้สึกคัน ฉันเเพ้หรือเปล่า,1
รู้้สึกหายใจไม่ค่อยออก เเพ้หรือเปล่า,1
ไม่เเน่ใจว่าเเพ้หรือเปล่า ขออาการเเก้หน่อย,1
สรุปอาการเเพ้อาหาร,1
หายใจไม่ออก,1
แน่นหน้าอก,1
ผื่นขึ้น,1
รู้สึกปวดท้อง,1
คันมาก,1
เราจะรู้ได้ไงว่าเราเจออาการแพ้อาหาร,1
เวลาคนแพ้อาหารจะเป็นแบบไหน,1
สัญญาณที่แสดงว่าเราแพ้อาหารคืออะไร,1
กินอาหารแล้วผื่นขึ้น,2
เกิดจากอะไร,2
เกิดจากสาเหตุใดบ้าง,2
ทำไมถึงเป็น,2
เพราะอะไรถึงเป็น,2
เมื่อก่อนยังไม่เห็นเป็นอะไรเลย,2
บอกสาเหตุ,2
สาเหตุ,2
เป็นได้ยังไง,2
เป็นจริงๆรึเปล่า,2
เหตุผลที่ทำให้เป็น,2
ทำไมถึงแพ้,2
แพ้ได้ไง,2
อะไรคือสาเหตุ,2
อยากรู้สาเหตุ,2
ทำไมถึงแพ้อาหาร,2
เพราะอะไรถึงแพ้อาหาร,2
สาเหตุการแพ้อาหาร,2
แพ้อาหารเกิดจากอะไร,2
สารที่ทำให้แพ้อาหาร,2
เอาสาเหตุมา,2
ฉันเเพ้ได้อย่างไร,2
เป็นเพราะอะไร,2
งงมากได้เเพ้มายังไง,2
ช่วยบอกฉันที ฉันเป็นได้อย่างไร,2
พอบอกได้ไหมว่าทำไมถึงได้มา,2
บอกสาเหตุที,2
คือเเบบ ฉันเป็นได้ไงอะ,2
สาเหตุของการแพ้อาหารอยู่ที่อะไร,2
เธอคิดว่าทำไมถึงแพ้อาหาร,2
ตอนนี้ต้องการความรู้เรื่องสาเหตุ,2
เครียดมาก เป็นได้ไง,2
ปัจจัยที่อาจส่งผลให้เกิดเเพ้อาหาร,2
ความเป็นไปได้ที่ทำให้เเพ้อาหาร,2
อยากรู้ว่าอะไรที่ทำให้เเพ้อาหาร,2
จริงๆ แล้วเเพ้อาหารเกิดจากอะไร,2
เล่าเรื่องสาเหตุเรื่องเเพ้อาหารให้ฟังหน่อยสิ,2
ทำไมเราถึงเเพ้อาหาร,2
เป็นไปได้ไงที่เราเเพ้อาหาร,2
อะไรถึงทำให้เราเเพ้อาหารได้,2
บอกข้อมูลเกี่ยวกับสาเหตุเเพ้อาหาร,2
กินข้าวแล้วเหมือนจะแพ้อาหารสาเหตุมาจากไหน,2
กินข้าวเเล้วมีผื่น,2
ตอนนี้กำลังมีอาการเลยค่ะ ทำยังไงดี,3
ถ้าเป็นต้องทำยังไงบ้าง,3
ถ้ามีอาการต้องทำยังไงบ้าง,3
ถ้ามีอาการแพ้อาหาร ควรรักษาเบื้องต้นอย่างไร,3
บรรเทาอาการแพ้ได้ยังไงบ้าง,3
บอกวิธีลดอาการ,3
วิธีบรรเทาอาการ,3
เเก้อาการเเพ้,3
ทำให้เเพ้น้อยลงหน่อย,3
วิธีให้อาการเเพ้หาย,3
ไปหาหมอดีไหม,3
กินยาแก้แพ้ได้ไหม,3
รักษาเบื้องต้น,3
ลดอาการแพ้,3
ถ้าอาเจียนออกมาจะหายไหม,3
ดื่มน้ำเยอะ ๆ ช่วยไหม,3
ต้องกินยาแก้แพ้ไหม,3
อะไรช่วยบรรเทาการแพ้อาหาร,3
แพ้อาหารทำไงดี,3
ยาแก้แพ้ช่วยมั้ย,3
แพ้อาหารต้องทำยังไง,3
กินอาหารแล้วคัน,3
บรรเทาอาการแพ้ได้ยังไง,3
ทำไงดีถ้าอาการกำเริบ,3
ทำอย่างไรเมื่อรู้สึกว่ามีอาการแพ้,3
เเก้ยังไงเเพ้ขึ้นมา,3
บอกการบรรเทาอาการเเพ้มา,3
เอาวิธีดูเเลตัวเองเวลาเกิดอาการเเพ้,3
ฉันปากบวม ทำไงดี,3
กินข้าวเเล้วเเพ้ ทำไงดี,3
มีการเเก้ยังไงที่ทำให้อาการเเพ้หาย,3
ขอเเนวทางการเเก้อาหารเเพ้,3
บอกเคล็ดลับในการเเก้อาการเเพ้,3
ต้องการวิธีเเก้อาการเเพ้,3
วิถีแก้อาการแพ้อาหาร,3
ตอนกินข้าวเเล้วรู้สึกมีอาการเเพ้ทำไงดี,3
บอกเเนวทางในการเเก้อาการเเพ้เบื้องต้น,3
อยากให้มันหายตอนนี้ ทำไงดี,3
เกิดอาการแพ้ต้องกินยาอะไร,3
เพิ่งเป็นทำไงดี,3
ควรทำไงก่อนดีกำลังเป็น,3
อาการนี้รักษาให้หายได้ไหม,4
รักษาอย่างไร,4
รักษาได้ไหม,4
อาการแพ้อาหารรักษาได้ไหม,4
อยากเลิกเเพ้อาหาร,4
ขอวิธีรักษา,4
การรักษา,4
บอกมา รักษายังไง,4
อยากได้ทางรักษา,4
เอาทางรักษา,4
หายขาดได้ไหม,4
กินอาหารที่แพ้เยอะ ๆ จะหายไหม,4
รักษาให้หายขาดได้ไหม,4
วิธีรักษา,4
ขอหนทางรักษา,4
จะกลับมากินอาหารที่แพ้ได้ไหม,4
รักษายังไง,4
นานไหมกว่าจะหาย,4
วิธีรับประทานช่วยในการลดอาการแพ้หรือไม่,4
ต้องกินอาหารที่แพ้อย่างต่อเนื่องเป็นเวลานานเท่าใด,4
การรักษาที่ใช้ในโรงพยาบาลมีความปลอดภัยหรือไม่,4
การเพิ่มปริมาณอาหารในแต่ละครั้งการทดสอบเป็นอย่างไร,4
การรักษาในระดับที่รับประทานอาหารได้สามารถรักษาได้นานเท่าใด,4
ผลการรักษาในระดับหายขาดคืออะไร,4
ผู้ที่รับการรักษาควรรับประทานอาหารที่แพ้อย่างไร,4
รักษาอาการเเพ้ยังไงให้หายขาด,4
ผู้ที่รับการรักษควรปฏิบัติตนอย่างไรหลังจากเสร็จสิ้นการรักษา,4
จะต้องรักษาการเเพ้ยังไง,4
อยากรู้การรักษาอาการเเพ้เเบบหายขาด,4
การรักษาอาการแพ้อาหารโดยวิธีรับประทานเป็นการรักษาอย่างถาวรหรือไม่,4
อยากรู้ความรู้เรื่องการรักษา,4
บอกเรื่องการรักษาการเเพ้อาหาร,4
ช่วยบอกการรักษาการเเพ้อาหาร,4
การรักษาการเเพ้อาหาร,4
ฉันอยากได้ความรู้เรื่องการรักษาการเเพ้อาหาร,4
คุณช่วยบอกฉันเรื่องการรักษาการเเพ้อาหารหน่อย,4
ฉันต้องการรักษาการเเพ้อาหารของฉัน,4
อยากหายจากการเเพ้อาหาร,4
ฉันไม่รู้ว่าจะรักษาการเเพ้อาหารยังไง,4
บอกกระบวนการในการรักษาการเเพ้อาหาร,4
ต้องรักษาไปกี่ปีถึงจะหาย,4
มีผลการรักษากี่ระดับ,4
ใช้วิธีไหนถึงจะรักษาให้หายได้,4
อยากรักษาเเบบให้หายไปเลย,4
มีโอกาสรักษาหายไหม,4
ต้องไปรักษาที่โรงพยาบาลไหม,4
รักษาอาการแพ้,4
ต้องทำยังไงถึงจะหายแพ้,4
รักษานานไหม,4
จะรักษาหายแพ้ได้ยังไง,4
จะรู้ได้ยังไงว่าแพ้อะไร,5
ตรวจยังไง,5
แพ้จริงไหม,5
วิธีตรวจ,5
ตรวจได้ไหม,5
มีวิธีดูไหมว่าตัวเองแพ้อะไรบ้าง,5
ทดสอบยังไง,5
วิธีทดสอบ,5
แพ้อาหารแต่ไม่รู้ว่าแพ้อะไร,5
พิสูจน์ได้ยังไง,5
วินิจฉัยยังไง,5
อาการที่เกิดขึ้นเกิดจากอาหารไหม,5
สงสัยว่าแพ้อาหาร,5
ไม่มั่นใจว่าแพ้อะไร,5
ตรวจการแพ้อาหารมีกี่แบบ,5
อยากรู้ว่าตัวเองแพ้อาหารไหม,5
การทดสอบการแพ้อาหารคืออะไร,5
การทดสอบการแพ้อาหารเป็นอย่างไร,5
อะไรคือการทดสอบการแพ้อาหาร,5
การทดสอบการแพ้อาหารเหมาะกับใคร,5
ใครบ้างควรเข้ารับการทดสอบการแพ้อาหาร,5
จะรู้ได้อย่างไรว่าตัวเองควรเข้ารับการตรวจการแพ้อาหาร,5
ใครบ้างที่ควรทำการทดสอบอาการแพ้,5
ต้องงดรับประทานยาแก้แพ้ก่อนการทดสอบทางผิวหนังกี่วัน,5
การทดสอบภูมิแพ้ทางผิวหนังทำได้เมื่อไม่มีอาการเป็นเวลากี่วัน,5
ถ้าทดสอบภูมิแพ้ทางผิวหนังสามารถทราบผลได้ภายในระยะเวลาเท่าใด,5
ถ้าจะทำการทดสอบด้วยวิธีตรวจเลือดต้องงดยาแก้แพ้ก่อนทดสอบหรือไม่,5
เมื่อทดสอบด้วยวิธีตรวจเลือดจะทราบผลได้ในระยะเวลาเท่าใด,5
ผลลัพธ์ตรวจเลือดที่เป็นบวกแพทย์จะพิจารณาการรักษาอย่างไร,5
ผลลัพธ์ตรวจเลือดที่เป็นลบแพทย์จะพิจารณาการรักษาอย่างไร,5
ก่อนเข้าทดสอบการแพ้อาหารต้องปฏิบัติตัวอย่างไรบ้าง,5
รอผลการทดสอบนานไหม,5
เคยตรวจแล้วได้ผลเลือดว่าแพ้อาหาร แต่ไม่มีอาการ ต้องตรวจอีกไหม,5
ผลการทดสอบการแพ้อาหารจะทราบได้เมื่อไหร่,5
วิธีการทดสอบการแพ้อาหารมีอะไรบ้าง,5
ทดสอบการแพ้อาหาร,5
ตรวจการแพ้อาหาร,5
ควรเตรียมตัวอย่างไรก่อนทดสอบการแพ้อาหาร,5
ผลลัพธ์ตรวจเลือดเป็นบวกผู้ป่วยจะต้องทำอะไรต่อไป,5
ผลลัพธ์ตรวจเลือดเป็นลบผู้ป่วยจะต้องทำอะไรต่อไป,5
ควรทดสอบมั้ยว่าเราแพ้อะไร,5
ไปลองทดสอบอาการแพ้จะเป็นอะไรไหม,5
จะลองตรวจหาอาการแพ้ยังไง,5
อยากรู้ว่าแพ้อาหารอะไรบ้างทำไง,5
ลองไปทดสอบดูได้ไหมว่าแพ้อะไรบ้าง,5
กินนมวัวไม่ได้,6
กินนมวัวแล้วมีอาการ,6
ไม่เอานมวัว,6
กินนมวัวเเล้วตาย,6
ห้ามนมวัว,6
ไม่ดื่มนมวัว,6
เเพ้นมวัว,6
นมวัวไม่ได้เลย,6
ม่ายเอานมวัว,6
ขอเลี่ยงนมวัว,6
แพ้นมกินอะไรได้บ้าง,6
อยากกินนมแต่แพ้นม,6
แพ้นมวัวเกิดจากอะไร,6
ทำไมถึงแพ้นมวัว,6
แพ้นมวัวอาการเป็นยังไง,6
ทำไมกินนมแล้วผื่นขึ้น,6
แพ้นมวัวกินอะไรไม่ได้บ้าง,6
กินอะไรแทนนมวัวได้บ้าง,6
กินนมอะไรแทนได้บ้าง,6
แพ้นมวัวอาการเป็นยังไง,6
แพ้นมวัวหายได้ไหม,6
จะกลับมากินนมวัวได้ไหม,6
ทำไมกินนมวัวแล้วแพ้,6
กินแทนนมวัว,6
นานไหมกว่าจะแสดงอาการ หลังจากกินนมวัว,6
แสดงอาการ หลังกินนมวัว,6
นมวัว,6
สอบถามเรื่องเเพ้นมวัว,6
กินนมช็อกโกแลตแล้วผื่นขึ้น,6
กินชีสแล้วผื่นขึ้น,6
ดื่มอะไรแทนนมวัวได้บ้าง,6
แพ้นมควรเลี่ยงอาหารอะไรบ้าง,6
จะกลับมาดื่มนมได้ไหม,6
แพ้นม,6
นม,6
มีอะไรทดแทนนมวัวได้บ้าง,6
แพ้นมวัวกินชีสได้ไหม,6
สาเหตุการแพ้นมวัว,6
แพ้นมวัวแล้วกินนมอื่นได้มั้ย,6
ถ้าแพ้นมวัวแล้วกินอะไรไม่ได้บ้าง,6
ขอความรู้เรื่องเเพ้นมวัว,6
แพ้ไข่,7
กินไข่ไม่ได้,7
กินไข่แล้วมีอาการ,7
แพ้ไข่กินอะไรได้บ้าง,7
ทานไข่ไม่ได้,7
ทานไข่ไม่ได้ทานอะไรดี,7
ถ้าแพ้ไข่ไม่ควรกินอะไรคะ,7
ถ้าไม่กินไข่กินอะไรได้บ้าง,7
ทานไข่แล้วมีอาการแพ้,7
ถ้าแพ้ไข่ควรเลี่ยงอาหารอะไร,7
แพ้ไข่เป็นยังไง,7
แพ้ไข่แล้วควรกินไร,7
ทำไมกินไข่เเล้วเเพ้,7
สอบถามเรื่องเเพ้ไข่,7
ขอความรู้เรื่องเเพ้ไข่,7
เเพ้ไข่อาการเป็นไง,7
นานไหมกว่าจะมีอาการ หลังจากกินไข่,7
ฉันเเพ้ไข่,7
เเพ้ไข่หายได้ไหม,7
ทำไมถึงเเพ้ไข่,7
เเพ้ไข่เกิดจากอะไร,7
ขอเลี่ยงไข่,7
ไม่เอาไข่,7
บอกเรื่องเเพ้ไข่,7
เเน่นหน้าอก เเพ้อะไร,7
เเพ้ไข่กินอะไรดี ,7
เเพ่ไข่ทำไงดี,7
จะกลับมากินไข่ได้ไหม,7
เเสดงอาการหลังกินไข่,7
สาเหตุการแพ้ไข่,7
มีอะไรทดแทนไข่ได้บ้าง,7
ไข่,7
แพ้ไข่ทานไรได้บ้าง,7
กินไข่แล้วปวดท้อง,7
แพ้ไข่ไก่ทานไข่เป็ดแทนได้มั้ย,7
แพ้ไข่ทำยังไงดี,7
แพ้มายองเนส,7
กินน้ำสลัดไม่ได้,7
กินอะไรแทนไข่ได้บ้าง,7
การรักษาเเพ้ไข่,7
แพ้แป้งสาลี,8
แพ้กลูเตน,8
กินแป้งสาลีไม่ได้,8
กินแป้งสาลีแล้วมีอาการ,8
ทานแป้งสาลีไม่ได้,8
ถ้าแพ้แป้งสาลีทานอะไรแทนได้บ้าง,8
ถ้ากินแป้งสาลีไม่ได้กินอะไรได้บ้าง,8
กินแป้งสาลีไม่ได้ควรกินอะไร,8
ควรเลี่ยงอาหารที่มีแป้งสาลีอะไรบ้าง,8
ถ้าแพ้แป้งสาลีไม่ควรกินอะไร,8
ไม่ควรกินขนมอะไรถ้าแพ้แป้งสาลี,8
กินอะไรดีถ้าแพ้แป้งสาลี,8
อาการแพ้แป้งสาลี,8
การแพ้แป้งสาลีมีอาการแพ้อย่างไร,8
การแพ้แป้งสาลีแบบเฉียบพลันเป็นอย่างไร,8
การแพ้แป้งสาลีแบบเฉียบพลันมีอาการอะไรบ้าง,8
การแพ้แป้งสาลีแบบล่าช้าเป็นอย่างไร,8
การแพ้แป้งสาลีแบบล่าช้ามีอาการอะไรบ้าง,8
อาหารที่มีแป้งสาลีเป็นส่วนประกอบอะไรบ้างที่ควรหลีกเลี่ยง,8
ขอความรู้เกี่ยวกับเเพ้เเป้งสาลี,8
เเสดงอาการหลังกินขนมปังที่ใช้เเป้งสาลี,8
กินปาท่องโก๋เเล้วมีผื่น,8
เเพ้เเป้งสาลีหายได้ไหม,8
เเพ้เเป้งสาลีควรเลี่ยงอะไรบ้าง,8
ทำไมถึงเเพ้เเป้งสาลี,8
กินเเป้งอะไรได้ที่ไม่ใช้เเป้งสาลี,8
เเพ้เเป้งสาลี ทำยังไงถึงจะมีอาการ,8
เป็นอะไรถึงกินขนมปังปอนด์เเล้วมีผื่น,8
เหมือนมีอาการเเพ้เเป้งสาลี,8
แป้ง,8
กลูเตน,8
แพ้แป้งสาลีดูยังไง,8
แพ้แป้งสาลีอันตรายมั้ย,8
มีอะไรในแป้ง,8
ทานแป้งไม่ได้,8
แป้งสาลี,8
แป้งในอาหาร,8
ฉันแพ้แป้งรึปล่าว,8
แพ้แป้งกินก๋วยเตี๋ยวได้มั้ย,8
แพ้ขนมปัง,8
แพ้เบเกอร์รี่,8
โอวัลติน,8
ถ้ากินขนมปังธรรมดาไม่ได้ต้องกินอะไรเเทน,8
แพ้ถั่ว,9
กินถั่วไม่ได้,9
กินถั่วแล้วมีอาการ,9
กินถั่วแล้วมีอาการแพ้,9
ถ้าไม่กินถั่วกินอะไรได้บ้าง,9
แพ้ถั่วต้องระวังอะไรบ้าง,9
มีอาการแพ้ถั่ว,9
แพ้ถั่วกินอะไรได้บ้าง,9
แพ้ถั่วห้ามกินอะไร,9
ถ้าไม่ให้กินถั่วให้กินอะไร,9
แพ้ถั่วเปลือกแข็ง,9
เหมือนมีอาการแพ้ถั่วเปลือกแข็ง,9
อาการแพ้ถั่ว,9
ถั่วเมล็ดแห้งแพ้ได้หรือไม่,9
กินถั่วเมล็ดแห้งแล้วมีอาการแพ้หรือไม่,9
มีอาการแพ้ถั่วเมล็ดแห้งหรือไม่หลังจากกินถั่ว,9
ถ้าไม่สามารถกินถั่วเมล็ดแห้งได้ให้กินอะไรแทน,9
แพ้ถั่วเมล็ดแห้งต้องระวังสารในอาหารอะไรบ้าง,9
มีอาการแพ้ถั่วเมล็ดแห้งหรือไม่เมื่อกินอาหารที่มีถั่วเมล็ดแห้งเป็นส่วนผสม,9
ถ้าแพ้ถั่วเมล็ดแห้งต้องหลีกเลี่ยงอาหารอะไร,9
ถ้าแพ้ถั่วเมล็ดแห้งสามารถกินอาหารหรืออะไรแทน,9
ถ้าไม่สามารถกินถั่วเมล็ดแห้งได้กินอะไรแทน,9
แพ้ถั่วเปลือกแข็งได้หรือไม่,9
กินถั่วเปลือกแข็งแล้วมีอาการแพ้หรือไม่,9
ทานถั่วเปลือกแข็งแล้วสามารถมีอาการแพ้ได้หรือไม่,9
มีอาการแพ้ถั่วเปลือกแข็งหรือไม่หลังจากกินเข้าไป,9
ถ้าไม่สามารถกินถั่วเปลือกแข็งได้ กินอะไรแทน,9
ถ้าไม่สามารถกินถั่วเปลือกแข็งได้ควรกินอะไรแทน,9
แพ้ถั่วเปลือกแข็งต้องระวังสารในอาหารอะไรบ้าง,9
เเสดงอาการหลังกินถั่ว,9
ถั่ว,9
แพ้ถั่วทำไงดี,9
ทำไมฉันถึงแพ้ถั่ว,9
ในถั่วมีอะไรทำไมถึงแพ้,9
แพ้ถั่วอันตรายมั้ย,9
อัลมอนด์,9
เม็ดมะม่วงหิมพานต์,9
เฮเซลนัท,9
ถั่วลิสง,9
ถ้าแพ้ถั่วเปลือกแข็งต้องหลีกเลี่ยงอาหารหรือสิ่งที่มีถั่วเปลือกแข็งเป็นส่วนผสมอะไรบ้าง,9
นูเทล่า,9
แมคคาเดเมีย,9
วอลนัท,9
แพ้อาหารทะเล,10
กินอะไรเเทนอาหารทะเล,10
ต้องการความรู้อาหารทะเล,10
สรุปความเรื่องการเเพ้อาหารทะเล,10
แพ้อาหารทะเลต้องกินอะไร,10
กินอาหารทะเลไม่ได้,10
กินอาหารทะเลแล้วไม่สบาย,10
แพ้อาหารทะเลกินอะไรได้บ้าง,10
แพ้อาหารทะเลไม่ควรกินอะไร,10
ทานอาหารทะเลแล้วมีผื่นคัน,10
ถ้ากินอาหารทะเลไม่ได้ต้องกินอะไรแทน,10
อาการแพ้อาหารทะเล,10
แพ้อาหารทะเลกินอะไรแทนดี,10
บอกเรื่องเเพ้อาหารทะเล,10
ควรเลี่ยงอาหารที่มีสัตว์ทะเลอะไรบ้าง,10
ทานอาหารแล้วมีอาการแพ้,10
แพ้อาหารทะเลเป็นยังไง,10
เเพ้อาหารทะเลทำไงดี,10
กินปลาหมึกเเล้วมีอาการเเพ้,10
ขอความรู้เรื่องเเพ้อาหารทะเล,10
ถ้าเเพ้อาการทะเลไม่ควรกินอะไร,10
สมาชิกในครอบครัวเเพ้อาหารทะเล ฉันจะเเพ้ด้วยไหม,10
อาการแพ้อาหารทะเลสามารถเกิดขึ้นในช่วงวัยใดบ้าง,10
อาการแพ้อาหารทะเลมักเริ่มเกิดภายในระยะเวลาใด,10
มีอาการผื่นคันหรือผื่นบนผิวหนังเป็นส่วนหนึ่งของอาการแพ้อาหารทะเลหรือไม่,10
อาการคัดจมูกหรือหายใจลำบากเป็นอาการของผู้ที่แพ้อาหารทะเลหรือไม่,10
บวมที่ใบหน้า ลำคอ ริมฝีปาก หรือส่วนอื่น ๆ ของร่างกายเป็นอาการที่พบจากการแพ้อาหารทะเลหรือไม่,10
อาการปวดท้อง ท้องเสีย หรืออาเจียนเป็นส่วนหนึ่งของอาการแพ้อาหารทะเลหรือไม่,10
อาการมึนงง วิงเวียน เป็นอาการที่พบบ่อยในผู้ที่แพ้อาหารทะเลหรือไม่,10
อาการปวดคล้ายเข็มทิ่มในปากเป็นอาการที่เกิดขึ้นจากการแพ้อาหารทะเลหรือไม่,10
ในกรณีที่แพ้อาหารทะเล ควรรับโปรตีนจากแหล่งใด,10
อาหารที่ควรหลีกเลี่ยงเมื่อมีอาการแพ้อาหารทะเลคืออะไร,10
สามารถหลีกเลี่ยงการรับประทานอาหารทะเลได้อย่างไรเพื่อป้องกันอาการแพ้,10
หากต้องการทดแทนอาหารทะเล อาหารที่เหมาะสมสำหรับผู้แพ้อาหารทะเลคืออะไร,10
แพ้กุ้ง,10
กินกุ้งไม่ได้,10
ปลา,10
จะรู้ได้อย่างไรว่าแพ้กุ้ง,10
แพ้กุ้ง มีโอกาสหายไหม,10
โตมาแล้วแพ้อาหารทะเล,10
แพ้อาหารทะเลทานปลาได้มั้ย,10